{"cameraMode":{"drawMode":0,"name":"Shaded","section":"Shading Mode"},"sceneLighting":true,"audioPlay":false,"sceneViewState":{"m_AlwaysRefresh":false,"showFog":true,"showSkybox":true,"showFlares":true,"showImageEffects":true,"showParticleSystems":true,"showVisualEffectGraphs":true,"m_FxEnabled":true},"in2DMode":false,"pivot":{"x":-0.6611913442611694,"y":-4.140523910522461,"z":10.627696990966797},"rotation":{"x":0.1975860446691513,"y":-0.005881546530872583,"z":0.001185758737847209,"w":0.9802691340446472},"size":13.930132865905762,"orthographic":false}